fund_name,sales_start,operation_start,operation_end,actual_end,target_amount,subscribed_amount,annual_yield,distribution_frequency,redemption_status,source_url,source_date,confidence,notes
宗右衛門町,,2024-12-16,2025-12-15,,20000000000,,0.1,unknown,運用中,https://www.minnadeooyasan.com/fund_list/soemoncho01/,2026-09-02,confirmed,公式商品ページの募集総口数×1口100万円を募集予定額として収録。実際の出資額ではない。
ファーム7号,,2024-07-01,2027-07-31,,2400000000,,0.071,bimonthly,運用中,https://www.minnadeooyasan.com/fund_list/farm7/,2026-09-02,confirmed,公式商品ページの募集総口数×1口100万円を募集予定額として収録。実際の出資額ではない。
成田18号,,2024-05-01,2029-04-30,,15368000000,,0.07,bimonthly,運用中,https://www.minnadeooyasan.com/fund_list/narita18/,2026-09-02,confirmed,公式商品ページの募集総口数×1口100万円を募集予定額として収録。実際の出資額ではない。
伊勢8,,2024-04-01,2027-04-30,,2000000000,,0.07,bimonthly,運用中,https://www.minnadeooyasan.com/fund_list/ise8/,2026-09-02,confirmed,公式商品ページの募集総口数×1口100万円を募集予定額として収録。実際の出資額ではない。
成田17号,,2024-02-01,2029-01-31,,14808000000,,0.07,bimonthly,運用中,https://www.minnadeooyasan.com/fund_list/narita17/,2026-09-02,confirmed,公式商品ページの募集総口数×1口100万円を募集予定額として収録。実際の出資額ではない。
49号,,2023-12-01,2027-05-31,,312000000,,0.062,bimonthly,運用中,https://www.minnadeooyasan.com/fund_list/49/,2026-09-02,confirmed,公式商品ページの募集総口数×1口100万円を募集予定額として収録。実際の出資額ではない。
成田16号,,2023-11-01,2028-10-31,,29060000000,,0.07,bimonthly,運用中,https://www.minnadeooyasan.com/fund_list/narita16/,2026-09-02,confirmed,公式商品ページの募集総口数×1口100万円を募集予定額として収録。実際の出資額ではない。
成田15号,,2023-06-01,2028-05-31,,27900000000,,0.07,bimonthly,運用中,https://www.minnadeooyasan.com/fund_list/narita15/,2026-09-02,confirmed,公式商品ページの募集総口数×1口100万円を募集予定額として収録。実際の出資額ではない。
伊勢7,,2023-05-01,2026-05-31,,3000000000,,0.07,bimonthly,運用中,https://www.minnadeooyasan.com/fund_list/ise7/,2026-09-02,confirmed,公式商品ページの募集総口数×1口100万円を募集予定額として収録。実際の出資額ではない。
成田14号,,2023-03-01,2028-02-29,,25372000000,,0.07,bimonthly,運用中,https://www.minnadeooyasan.com/fund_list/narita14/,2026-09-02,confirmed,公式商品ページの募集総口数×1口100万円を募集予定額として収録。実際の出資額ではない。
48号,,2023-01-01,2025-12-31,,1600000000,,0.06,bimonthly,運用中,https://www.minnadeooyasan.com/fund_list/48/,2026-09-02,confirmed,公式商品ページの募集総口数×1口100万円を募集予定額として収録。実際の出資額ではない。
成田13号,,2022-12-01,2027-11-30,,24336000000,,0.07,bimonthly,運用中,https://www.minnadeooyasan.com/fund_list/narita13/,2026-09-02,confirmed,公式商品ページの募集総口数×1口100万円を募集予定額として収録。実際の出資額ではない。
成田12号,,2022-09-01,2027-08-31,,15212000000,,0.07,bimonthly,運用中,https://www.minnadeooyasan.com/fund_list/narita12/,2026-09-02,confirmed,公式商品ページの募集総口数×1口100万円を募集予定額として収録。実際の出資額ではない。
成田11号,,2022-06-01,2027-05-31,,8936000000,,0.07,bimonthly,運用中,https://www.minnadeooyasan.com/fund_list/narita11/,2026-09-02,confirmed,公式商品ページの募集総口数×1口100万円を募集予定額として収録。実際の出資額ではない。
ファーム6号,,2022-02-01,2025-01-31,,1800000000,,0.07,unknown,不明,https://www.minnadeooyasan.com/fund_list/farm6/,2026-09-02,confirmed,公式商品ページの募集総口数×1口100万円を募集予定額として収録。実際の出資額ではない。
成田10号,,2022-04-01,2027-04-30,,5272000000,,0.07,bimonthly,運用中,https://www.minnadeooyasan.com/fund_list/narita10/,2026-09-02,confirmed,公式商品ページの募集総口数×1口100万円を募集予定額として収録。実際の出資額ではない。
成田9号,,2022-02-01,2027-01-31,,5072000000,,0.07,bimonthly,運用中,https://www.minnadeooyasan.com/fund_list/narita9/,2026-09-02,confirmed,公式商品ページの募集総口数×1口100万円を募集予定額として収録。実際の出資額ではない。
伊勢6,,2021-10-01,2024-09-30,,2000000000,,0.07,unknown,不明,https://www.minnadeooyasan.com/fund_list/ise6/,2026-09-02,confirmed,公式商品ページの募集総口数×1口100万円を募集予定額として収録。実際の出資額ではない。
成田8号,,2021-12-01,2026-12-31,,4524000000,,0.07,bimonthly,運用中,https://www.minnadeooyasan.com/fund_list/narita8/,2026-09-02,confirmed,公式商品ページの募集総口数×1口100万円を募集予定額として収録。実際の出資額ではない。
47号,,2021-09-01,2024-08-31,,2800000000,,0.07,unknown,不明,https://www.minnadeooyasan.com/fund_list/47/,2026-09-02,confirmed,公式商品ページの募集総口数×1口100万円を募集予定額として収録。実際の出資額ではない。
ファーム5号,,2021-09-01,2024-08-31,,4000000000,,0.07,unknown,不明,https://www.minnadeooyasan.com/fund_list/farm5/,2026-09-02,confirmed,公式商品ページの募集総口数×1口100万円を募集予定額として収録。実際の出資額ではない。
成田7号,,2021-11-01,2026-11-30,,3120000000,,0.07,bimonthly,運用中,https://www.minnadeooyasan.com/fund_list/narita7/,2026-09-02,confirmed,公式商品ページの募集総口数×1口100万円を募集予定額として収録。実際の出資額ではない。
成田6号,,2021-09-01,2026-08-31,,4588000000,,0.07,bimonthly,運用中,https://www.minnadeooyasan.com/fund_list/narita6/,2026-09-02,confirmed,公式商品ページの募集総口数×1口100万円を募集予定額として収録。実際の出資額ではない。
成田5号,,2021-08-01,2026-07-31,,2604000000,,0.07,bimonthly,運用中,https://www.minnadeooyasan.com/fund_list/narita5/,2026-09-02,confirmed,公式商品ページの募集総口数×1口100万円を募集予定額として収録。実際の出資額ではない。
ファーム4号,,2021-05-01,2024-04-30,,2400000000,,0.071,unknown,不明,https://www.minnadeooyasan.com/fund_list/farm4/,2026-09-02,confirmed,公式商品ページの募集総口数×1口100万円を募集予定額として収録。実際の出資額ではない。
成田4号,,2021-06-01,2026-06-30,,3692000000,,0.07,bimonthly,運用中,https://www.minnadeooyasan.com/fund_list/narita4/,2026-09-02,confirmed,公式商品ページの募集総口数×1口100万円を募集予定額として収録。実際の出資額ではない。
成田3号,,2021-04-01,2026-03-31,,3700000000,,0.07,bimonthly,運用中,https://www.minnadeooyasan.com/fund_list/narita3/,2026-09-02,confirmed,公式商品ページの募集総口数×1口100万円を募集予定額として収録。実際の出資額ではない。
伊勢5,,2021-02-01,2024-01-31,,2000000000,,0.07,unknown,不明,https://www.minnadeooyasan.com/fund_list/ise5/,2026-09-02,confirmed,公式商品ページの募集総口数×1口100万円を募集予定額として収録。実際の出資額ではない。
成田2号,,2021-03-01,2026-02-28,,2292000000,,0.07,bimonthly,運用中,https://www.minnadeooyasan.com/fund_list/narita2/,2026-09-02,confirmed,公式商品ページの募集総口数×1口100万円を募集予定額として収録。実際の出資額ではない。
成田1号,,2021-02-01,2026-01-31,,2028000000,,0.07,bimonthly,運用中,https://www.minnadeooyasan.com/fund_list/narita1/,2026-09-02,confirmed,公式商品ページの募集総口数×1口100万円を募集予定額として収録。実際の出資額ではない。
46号,,2020-11-01,2025-10-31,,3432000000,,0.07,bimonthly,運用中,https://www.minnadeooyasan.com/fund_list/46/,2026-09-02,confirmed,公式商品ページの募集総口数×1口100万円を募集予定額として収録。実際の出資額ではない。
45号,,2020-09-01,2025-09-30,,2288000000,,0.07,bimonthly,運用中,https://www.minnadeooyasan.com/fund_list/45/,2026-09-02,confirmed,公式商品ページの募集総口数×1口100万円を募集予定額として収録。実際の出資額ではない。
43号,,2020-07-01,2025-07-31,,2288000000,,0.07,bimonthly,運用中,https://www.minnadeooyasan.com/fund_list/43/,2026-09-02,confirmed,公式商品ページの募集総口数×1口100万円を募集予定額として収録。実際の出資額ではない。
42号,,2020-05-01,2025-04-30,,2288000000,,0.07,unknown,不明,https://www.minnadeooyasan.com/fund_list/42/,2026-09-02,confirmed,公式商品ページの募集総口数×1口100万円を募集予定額として収録。実際の出資額ではない。
41号,,2020-04-01,2023-03-31,,312000000,,0.062,unknown,不明,https://www.minnadeooyasan.com/fund_list/41/,2026-09-02,confirmed,公式商品ページの募集総口数×1口100万円を募集予定額として収録。実際の出資額ではない。
伊勢4,,2020-03-01,2023-02-28,,3000000000,,0.07,unknown,不明,https://www.minnadeooyasan.com/fund_list/ise4/,2026-09-02,confirmed,公式商品ページの募集総口数×1口100万円を募集予定額として収録。実際の出資額ではない。
40号,,2020-03-01,2025-02-28,,2288000000,,0.07,unknown,不明,https://www.minnadeooyasan.com/fund_list/40/,2026-09-02,confirmed,公式商品ページの募集総口数×1口100万円を募集予定額として収録。実際の出資額ではない。
39号,,2019-12-02,2024-12-01,,2288000000,,0.07,unknown,不明,https://www.minnadeooyasan.com/fund_list/39/,2026-09-02,confirmed,公式商品ページの募集総口数×1口100万円を募集予定額として収録。実際の出資額ではない。
38号,,2019-10-01,2022-09-30,,1600000000,,0.06,unknown,不明,https://www.minnadeooyasan.com/fund_list/38/,2026-09-02,confirmed,公式商品ページの募集総口数×1口100万円を募集予定額として収録。実際の出資額ではない。
37号,,2019-10-01,2024-09-30,,2288000000,,0.07,unknown,不明,https://www.minnadeooyasan.com/fund_list/37/,2026-09-02,confirmed,公式商品ページの募集総口数×1口100万円を募集予定額として収録。実際の出資額ではない。
36号,,2019-09-01,2022-08-31,,900000000,,0.065,unknown,不明,https://www.minnadeooyasan.com/fund_list/36/,2026-09-02,confirmed,公式商品ページの募集総口数×1口100万円を募集予定額として収録。実際の出資額ではない。
35号,,2019-09-02,2022-09-01,,1144000000,,0.065,unknown,不明,https://www.minnadeooyasan.com/fund_list/35/,2026-09-02,confirmed,公式商品ページの募集総口数×1口100万円を募集予定額として収録。実際の出資額ではない。
34号,,2019-09-02,2024-09-01,,1144000000,,0.07,unknown,不明,https://www.minnadeooyasan.com/fund_list/34/,2026-09-02,confirmed,公式商品ページの募集総口数×1口100万円を募集予定額として収録。実際の出資額ではない。
33号,,2019-05-07,2024-05-06,,2288000000,,0.07,unknown,不明,https://www.minnadeooyasan.com/fund_list/33/,2026-09-02,confirmed,公式商品ページの募集総口数×1口100万円を募集予定額として収録。実際の出資額ではない。
32号,,2019-02-01,2024-01-31,,2288000000,,0.07,unknown,不明,https://www.minnadeooyasan.com/fund_list/32/,2026-09-02,confirmed,公式商品ページの募集総口数×1口100万円を募集予定額として収録。実際の出資額ではない。
31号,,2019-02-01,2022-01-31,,620000000,,0.065,unknown,不明,https://www.minnadeooyasan.com/fund_list/31/,2026-09-02,confirmed,公式商品ページの募集総口数×1口100万円を募集予定額として収録。実際の出資額ではない。
ファーム3号,,2018-12-01,2021-11-30,,1800000000,,0.07,unknown,不明,https://www.minnadeooyasan.com/fund_list/farm3/,2026-09-02,confirmed,公式商品ページの募集総口数×1口100万円を募集予定額として収録。実際の出資額ではない。
ファーム2号,,2018-07-02,2021-07-01,,4000000000,,0.07,unknown,不明,https://www.minnadeooyasan.com/fund_list/farm2/,2026-09-02,confirmed,公式商品ページの募集総口数×1口100万円を募集予定額として収録。実際の出資額ではない。
ファーム1号,,2018-03-01,2021-02-28,,2400000000,,0.071,unknown,不明,https://www.minnadeooyasan.com/fund_list/farm1/,2026-09-02,confirmed,公式商品ページの募集総口数×1口100万円を募集予定額として収録。実際の出資額ではない。
伊勢Ⅲ,,2017-12-01,2020-11-30,,2000000000,,0.07,unknown,不明,https://www.minnadeooyasan.com/fund_list/ise3/,2026-09-02,confirmed,公式商品ページの募集総口数×1口100万円を募集予定額として収録。実際の出資額ではない。
伊勢Ⅱ,,2017-08-01,2020-07-31,,2000000000,,0.07,unknown,不明,https://www.minnadeooyasan.com/fund_list/ise2/,2026-09-02,confirmed,公式商品ページの募集総口数×1口100万円を募集予定額として収録。実際の出資額ではない。
30号,,2017-06-01,2020-05-31,,2800000000,,0.07,unknown,不明,https://www.minnadeooyasan.com/fund_list/30/,2026-09-02,confirmed,公式商品ページの募集総口数×1口100万円を募集予定額として収録。実際の出資額ではない。
29号,,2017-04-01,2020-03-31,,500000000,,0.062,unknown,不明,https://www.minnadeooyasan.com/fund_list/29/,2026-09-02,confirmed,公式商品ページの募集総口数×1口100万円を募集予定額として収録。実際の出資額ではない。
28号,,2017-03-01,2020-02-29,,312000000,,0.062,unknown,不明,https://www.minnadeooyasan.com/fund_list/28/,2026-09-02,confirmed,公式商品ページの募集総口数×1口100万円を募集予定額として収録。実際の出資額ではない。
伊勢,,2017-02-01,2020-01-31,,3000000000,,0.07,unknown,不明,https://www.minnadeooyasan.com/fund_list/ise/,2026-09-02,confirmed,公式商品ページの募集総口数×1口100万円を募集予定額として収録。実際の出資額ではない。
27号,,2016-10-26,2019-10-25,,160000000,,0.06,unknown,不明,https://www.minnadeooyasan.com/fund_list/27/,2026-09-02,confirmed,公式商品ページの募集総口数×1口100万円を募集予定額として収録。実際の出資額ではない。
26号,,2016-08-01,2019-07-31,,1600000000,,0.06,unknown,不明,https://www.minnadeooyasan.com/fund_list/26/,2026-09-02,confirmed,公式商品ページの募集総口数×1口100万円を募集予定額として収録。実際の出資額ではない。
25号,,2016-08-01,2019-07-31,,900000000,,0.065,unknown,不明,https://www.minnadeooyasan.com/fund_list/25/,2026-09-02,confirmed,公式商品ページの募集総口数×1口100万円を募集予定額として収録。実際の出資額ではない。
23号,,2016-04-01,2019-03-31,,424000000,,0.061,unknown,不明,https://www.minnadeooyasan.com/fund_list/23/,2026-09-02,confirmed,公式商品ページの募集総口数×1口100万円を募集予定額として収録。実際の出資額ではない。
22号,,2016-01-01,2018-12-31,,620000000,,0.065,unknown,不明,https://www.minnadeooyasan.com/fund_list/22/,2026-09-02,confirmed,公式商品ページの募集総口数×1口100万円を募集予定額として収録。実際の出資額ではない。
21号,,2015-12-01,2018-11-30,,424000000,,0.061,unknown,不明,https://www.minnadeooyasan.com/fund_list/21/,2026-09-02,confirmed,公式商品ページの募集総口数×1口100万円を募集予定額として収録。実際の出資額ではない。
20号,,2015-09-01,2018-08-31,,436000000,,0.061,unknown,不明,https://www.minnadeooyasan.com/fund_list/20/,2026-09-02,confirmed,公式商品ページの募集総口数×1口100万円を募集予定額として収録。実際の出資額ではない。
19号,,2014-12-01,2017-11-30,,2800000000,,0.07,unknown,不明,https://www.minnadeooyasan.com/fund_list/19/,2026-09-02,confirmed,公式商品ページの募集総口数×1口100万円を募集予定額として収録。実際の出資額ではない。
18号,,2014-12-01,2017-11-30,,1864000000,,0.06,unknown,不明,https://www.minnadeooyasan.com/fund_list/18/,2026-09-02,confirmed,公式商品ページの募集総口数×1口100万円を募集予定額として収録。実際の出資額ではない。
17号,,2014-06-01,2017-05-31,,1120000000,,0.06,unknown,不明,https://www.minnadeooyasan.com/fund_list/17/,2026-09-02,confirmed,公式商品ページの募集総口数×1口100万円を募集予定額として収録。実際の出資額ではない。
16号,,2014-06-01,2017-05-31,,1200000000,,0.06,unknown,不明,https://www.minnadeooyasan.com/fund_list/16/,2026-09-02,confirmed,公式商品ページの募集総口数×1口100万円を募集予定額として収録。実際の出資額ではない。
15号,,2014-04-01,2017-03-31,,580000000,,0.06,unknown,不明,https://www.minnadeooyasan.com/fund_list/15/,2026-09-02,confirmed,公式商品ページの募集総口数×1口100万円を募集予定額として収録。実際の出資額ではない。
14号,,2014-02-28,2017-02-27,,500000000,,0.062,unknown,不明,https://www.minnadeooyasan.com/fund_list/14/,2026-09-02,confirmed,公式商品ページの募集総口数×1口100万円を募集予定額として収録。実際の出資額ではない。
13号,,2014-01-31,2017-01-30,,312000000,,0.062,unknown,不明,https://www.minnadeooyasan.com/fund_list/13/,2026-09-02,confirmed,公式商品ページの募集総口数×1口100万円を募集予定額として収録。実際の出資額ではない。
